No.,Category,Keyword
1,Core tying service,safa tying service
2,Core tying service,safa tying services
3,Core tying service,safa tying
4,Core tying service,safa bandhne ki service
5,Core tying service,safa bandhne service
6,Core tying service,safa bandhne wala
7,Core tying service,safa bandhne wale
8,Core tying service,safa bandhane wala
9,Core tying service,safa bandhane ki service
10,Core tying service,safa tying artist
11,Core tying service,safa tying artist booking
12,Core tying service,professional safa tying
13,Core tying service,professional safa tying service
14,Core tying service,expert safa tying
15,Core tying service,traditional safa tying
16,Core tying service,wedding safa tying
17,Core tying service,wedding safa tying service
18,Core tying service,groom safa tying
19,Core tying service,groom safa tying service
20,Core tying service,dulha safa tying
21,Core tying service,dulha safa tying service
22,Core tying service,safa tying specialist
23,Core tying service,safa tying professional
24,Core tying service,safa tying expert
25,Core tying service,safa tying team
26,Core tying service,safa tying staff
27,Core tying service,safa tying crew
28,Core tying service,safa tying workers
29,Core tying service,safa tying service provider
30,Core tying service,safa tying vendor
31,Core tying service,safa tying company
32,Core tying service,safa tying agency
33,Core tying service,safa tying booking
34,Core tying service,safa tying appointment
35,Core tying service,safa tying at home
36,Core tying service,safa tying at venue
37,Core tying service,safa tying at wedding
38,Core tying service,safa tying for wedding
39,Core tying service,safa tying for groom
40,Core tying service,safa tying for guests
41,Core tying service,safa tying for family
42,Core tying service,safa tying for baraat
43,Core tying service,safa tying for barati
44,Core tying service,safa tying for wedding guests
45,Core tying service,on site safa tying
46,Core tying service,onsite safa tying
47,Core tying service,doorstep safa tying
48,Core tying service,mobile safa tying service
49,Core tying service,on location safa tying
50,Core tying service,live safa tying service
51,Core tying service,event safa tying service
52,Core tying service,professional safa bandhne wala
53,Pagdi tying service,pagdi tying service
54,Pagdi tying service,pagdi tying services
55,Pagdi tying service,pagdi tying
56,Pagdi tying service,pagdi bandhne ki service
57,Pagdi tying service,pagdi bandhne wala
58,Pagdi tying service,pagdi bandhne wale
59,Pagdi tying service,pagdi bandhane wala
60,Pagdi tying service,pagdi bandhane ki service
61,Pagdi tying service,pagdi tying artist
62,Pagdi tying service,pagdi tying artist booking
63,Pagdi tying service,professional pagdi tying
64,Pagdi tying service,professional pagdi tying service
65,Pagdi tying service,expert pagdi tying
66,Pagdi tying service,traditional pagdi tying
67,Pagdi tying service,wedding pagdi tying
68,Pagdi tying service,wedding pagdi tying service
69,Pagdi tying service,groom pagdi tying
70,Pagdi tying service,groom pagdi tying service
71,Pagdi tying service,dulha pagdi tying
72,Pagdi tying service,dulha pagdi tying service
73,Pagdi tying service,pagdi tying specialist
74,Pagdi tying service,pagdi tying professional
75,Pagdi tying service,pagdi tying expert
76,Pagdi tying service,pagdi tying team
77,Pagdi tying service,pagdi tying staff
78,Pagdi tying service,pagdi tying crew
79,Pagdi tying service,pagdi tying workers
80,Pagdi tying service,pagdi tying service provider
81,Pagdi tying service,pagdi tying vendor
82,Pagdi tying service,pagdi tying company
83,Pagdi tying service,pagdi tying agency
84,Pagdi tying service,pagdi tying booking
85,Pagdi tying service,pagdi tying appointment
86,Pagdi tying service,pagdi tying at home
87,Pagdi tying service,pagdi tying at venue
88,Pagdi tying service,pagdi tying at wedding
89,Pagdi tying service,pagdi tying for wedding
90,Pagdi tying service,pagdi tying for groom
91,Pagdi tying service,pagdi tying for guests
92,Pagdi tying service,pagdi tying for family
93,Pagdi tying service,pagdi tying for baraat
94,Pagdi tying service,pagdi tying for barati
95,Pagdi tying service,pagdi tying for wedding guests
96,Pagdi tying service,on site pagdi tying
97,Pagdi tying service,onsite pagdi tying
98,Pagdi tying service,doorstep pagdi tying
99,Pagdi tying service,mobile pagdi tying service
100,Pagdi tying service,on location pagdi tying
101,Pagdi tying service,live pagdi tying service
102,Pagdi tying service,event pagdi tying service
103,Pagdi tying service,professional pagdi bandhne wala
104,Pagri tying service,pagri tying service
105,Pagri tying service,pagri tying services
106,Pagri tying service,pagri tying
107,Pagri tying service,pagri bandhne ki service
108,Pagri tying service,pagri bandhne wala
109,Pagri tying service,pagri bandhne wale
110,Pagri tying service,pagri bandhane wala
111,Pagri tying service,pagri bandhane ki service
112,Pagri tying service,pagri tying artist
113,Pagri tying service,pagri tying artist booking
114,Pagri tying service,professional pagri tying
115,Pagri tying service,professional pagri tying service
116,Pagri tying service,expert pagri tying
117,Pagri tying service,traditional pagri tying
118,Pagri tying service,wedding pagri tying
119,Pagri tying service,wedding pagri tying service
120,Pagri tying service,groom pagri tying
121,Pagri tying service,groom pagri tying service
122,Pagri tying service,dulha pagri tying
123,Pagri tying service,dulha pagri tying service
124,Pagri tying service,pagri tying specialist
125,Pagri tying service,pagri tying professional
126,Pagri tying service,pagri tying expert
127,Pagri tying service,pagri tying team
128,Pagri tying service,pagri tying staff
129,Pagri tying service,pagri tying crew
130,Pagri tying service,pagri tying workers
131,Pagri tying service,pagri tying service provider
132,Pagri tying service,pagri tying vendor
133,Pagri tying service,pagri tying company
134,Pagri tying service,pagri tying agency
135,Pagri tying service,pagri tying booking
136,Pagri tying service,pagri tying appointment
137,Pagri tying service,pagri tying at home
138,Pagri tying service,pagri tying at venue
139,Pagri tying service,pagri tying at wedding
140,Pagri tying service,pagri tying for wedding
141,Pagri tying service,pagri tying for groom
142,Pagri tying service,pagri tying for guests
143,Pagri tying service,pagri tying for family
144,Pagri tying service,pagri tying for baraat
145,Pagri tying service,pagri tying for barati
146,Pagri tying service,pagri tying for wedding guests
147,Pagri tying service,on site pagri tying
148,Pagri tying service,onsite pagri tying
149,Pagri tying service,doorstep pagri tying
150,Pagri tying service,mobile pagri tying service
151,Pagri tying service,on location pagri tying
152,Pagri tying service,live pagri tying service
153,Pagri tying service,event pagri tying service
154,Pagri tying service,professional pagri bandhne wala
155,Turban tying service,turban tying service
156,Turban tying service,turban tying services
157,Turban tying service,turban tying
158,Turban tying service,turban tying artist
159,Turban tying service,turban tying artist booking
160,Turban tying service,professional turban tying
161,Turban tying service,professional turban tying service
162,Turban tying service,expert turban tying
163,Turban tying service,traditional turban tying
164,Turban tying service,wedding turban tying
165,Turban tying service,wedding turban tying service
166,Turban tying service,groom turban tying
167,Turban tying service,groom turban tying service
168,Turban tying service,dulha turban tying
169,Turban tying service,dulha turban tying service
170,Turban tying service,turban tying specialist
171,Turban tying service,turban tying professional
172,Turban tying service,turban tying expert
173,Turban tying service,turban tying team
174,Turban tying service,turban tying staff
175,Turban tying service,turban tying crew
176,Turban tying service,turban tying workers
177,Turban tying service,turban tying service provider
178,Turban tying service,turban tying vendor
179,Turban tying service,turban tying company
180,Turban tying service,turban tying agency
181,Turban tying service,turban tying booking
182,Turban tying service,turban tying appointment
183,Turban tying service,turban tying at home
184,Turban tying service,turban tying at venue
185,Turban tying service,turban tying at wedding
186,Turban tying service,turban tying for wedding
187,Turban tying service,turban tying for groom
188,Turban tying service,turban tying for guests
189,Turban tying service,turban tying for family
190,Turban tying service,turban tying for baraat
191,Turban tying service,turban tying for barati
192,Turban tying service,turban tying for wedding guests
193,Turban tying service,on site turban tying
194,Turban tying service,onsite turban tying
195,Turban tying service,doorstep turban tying
196,Turban tying service,mobile turban tying service
197,Turban tying service,on location turban tying
198,Turban tying service,live turban tying service
199,Turban tying service,event turban tying service
200,Turban tying service,turban tying specialist near me
201,Turban tying service,professional turban tying artist
202,Turban tying service,wedding turban tying artist
203,Groom & dulha tying,groom headgear tying
204,Groom & dulha tying,groom headwear tying service
205,Groom & dulha tying,groom turban tying artist
206,Groom & dulha tying,groom safa tying artist
207,Groom & dulha tying,dulha safa artist
208,Groom & dulha tying,dulha pagdi artist
209,Groom & dulha tying,dulha pagri artist
210,Groom & dulha tying,dulha turban artist
211,Groom & dulha tying,professional groom safa tying
212,Groom & dulha tying,professional dulha safa tying
213,Groom & dulha tying,wedding groom safa service
214,Groom & dulha tying,wedding groom pagdi service
215,Groom & dulha tying,wedding groom turban service
216,Groom & dulha tying,groom traditional safa tying
217,Groom & dulha tying,groom royal safa tying
218,Groom & dulha tying,groom designer safa tying
219,Groom & dulha tying,groom wedding headgear service
220,Groom & dulha tying,groom wedding turban service
221,Groom & dulha tying,groom wedding pagdi service
222,Groom & dulha tying,dulha traditional safa tying
223,Groom & dulha tying,dulha royal safa tying
224,Groom & dulha tying,dulha designer safa tying
225,Groom & dulha tying,dulha wedding headgear service
226,Groom & dulha tying,dulha wedding turban service
227,Groom & dulha tying,dulha wedding pagdi service
228,Groom & dulha tying,groom safa booking
229,Groom & dulha tying,groom pagdi booking
230,Groom & dulha tying,groom turban booking
231,Groom & dulha tying,dulha safa booking
232,Groom & dulha tying,dulha pagdi booking
233,Groom & dulha tying,dulha turban booking
234,Groom & dulha tying,groom safa artist booking
235,Groom & dulha tying,dulha safa artist booking
236,Baraat & guest tying,baraat safa tying
237,Baraat & guest tying,baraat safa tying service
238,Baraat & guest tying,baraat pagdi tying
239,Baraat & guest tying,baraat pagdi tying service
240,Baraat & guest tying,baraat pagri tying
241,Baraat & guest tying,baraat pagri tying service
242,Baraat & guest tying,baraat turban tying
243,Baraat & guest tying,baraat turban tying service
244,Baraat & guest tying,barati safa tying
245,Baraat & guest tying,barati safa tying service
246,Baraat & guest tying,barati pagdi tying
247,Baraat & guest tying,barati pagdi tying service
248,Baraat & guest tying,barati pagri tying
249,Baraat & guest tying,barati pagri tying service
250,Baraat & guest tying,barati turban tying
251,Baraat & guest tying,barati turban tying service
252,Baraat & guest tying,guest safa tying
253,Baraat & guest tying,guest safa tying service
254,Baraat & guest tying,guest pagdi tying
255,Baraat & guest tying,guest pagdi tying service
256,Baraat & guest tying,guest pagri tying
257,Baraat & guest tying,guest pagri tying service
258,Baraat & guest tying,guest turban tying
259,Baraat & guest tying,guest turban tying service
260,Baraat & guest tying,family safa tying
261,Baraat & guest tying,family safa tying service
262,Baraat & guest tying,family pagdi tying
263,Baraat & guest tying,family pagdi tying service
264,Baraat & guest tying,family pagri tying
265,Baraat & guest tying,family pagri tying service
266,Baraat & guest tying,family turban tying
267,Baraat & guest tying,family turban tying service
268,Baraat & guest tying,wedding guest headgear tying
269,Baraat & guest tying,wedding guest safa service
270,Baraat & guest tying,wedding guest pagdi service
271,Baraat & guest tying,wedding guest turban service
272,Baraat & guest tying,baraat headgear tying service
273,Baraat & guest tying,barati headgear tying service
274,Baraat & guest tying,guest headgear tying service
275,Baraat & guest tying,family headgear tying service
276,Baraat & guest tying,bulk safa tying service
277,Baraat & guest tying,bulk pagdi tying service
278,Baraat & guest tying,bulk turban tying service
279,Baraat & guest tying,mass safa tying service
280,Baraat & guest tying,mass pagdi tying service
281,Baraat & guest tying,mass turban tying service
282,Baraat & guest tying,safa tying for group
283,Baraat & guest tying,pagdi tying for group
284,Baraat & guest tying,turban tying for group
285,Event-based tying,marriage safa tying
286,Event-based tying,marriage pagdi tying
287,Event-based tying,marriage pagri tying
288,Event-based tying,marriage turban tying
289,Event-based tying,engagement safa tying
290,Event-based tying,engagement pagdi tying
291,Event-based tying,engagement pagri tying
292,Event-based tying,engagement turban tying
293,Event-based tying,reception safa tying
294,Event-based tying,reception pagdi tying
295,Event-based tying,reception pagri tying
296,Event-based tying,reception turban tying
297,Event-based tying,sangeet safa tying
298,Event-based tying,sangeet pagdi tying
299,Event-based tying,sangeet pagri tying
300,Event-based tying,sangeet turban tying
301,Event-based tying,haldi safa tying
302,Event-based tying,haldi pagdi tying
303,Event-based tying,haldi pagri tying
304,Event-based tying,haldi turban tying
305,Event-based tying,mehndi safa tying
306,Event-based tying,mehndi pagdi tying
307,Event-based tying,mehndi pagri tying
308,Event-based tying,mehndi turban tying
309,Event-based tying,wedding event safa tying
310,Event-based tying,wedding event pagdi tying
311,Event-based tying,wedding event pagri tying
312,Event-based tying,wedding event turban tying
313,Event-based tying,event safa tying
314,Event-based tying,event pagdi tying
315,Event-based tying,event pagri tying
316,Event-based tying,event turban tying
317,Event-based tying,destination wedding safa tying
318,Event-based tying,destination wedding pagdi tying
319,Event-based tying,destination wedding pagri tying
320,Event-based tying,destination wedding turban tying
321,Event-based tying,pre wedding safa tying
322,Event-based tying,pre wedding pagdi tying
323,Event-based tying,pre wedding pagri tying
324,Event-based tying,pre wedding turban tying
325,Event-based tying,family function safa tying
326,Event-based tying,family function pagdi tying
327,Event-based tying,family function turban tying
328,Booking & commercial intent,safa tying service booking
329,Booking & commercial intent,pagdi tying service booking
330,Booking & commercial intent,pagri tying service booking
331,Booking & commercial intent,turban tying service booking
332,Booking & commercial intent,book safa tying
333,Booking & commercial intent,book pagdi tying
334,Booking & commercial intent,book pagri tying
335,Booking & commercial intent,book turban tying
336,Booking & commercial intent,hire safa tying service
337,Booking & commercial intent,hire pagdi tying service
338,Booking & commercial intent,hire pagri tying service
339,Booking & commercial intent,hire turban tying service
340,Booking & commercial intent,hire safa artist
341,Booking & commercial intent,hire pagdi artist
342,Booking & commercial intent,hire pagri artist
343,Booking & commercial intent,hire turban artist
344,Booking & commercial intent,book safa artist
345,Booking & commercial intent,book pagdi artist
346,Booking & commercial intent,book pagri artist
347,Booking & commercial intent,book turban artist
348,Booking & commercial intent,safa artist booking
349,Booking & commercial intent,pagdi artist booking
350,Booking & commercial intent,pagri artist booking
351,Booking & commercial intent,turban artist booking
352,Booking & commercial intent,safa tying service charges
353,Booking & commercial intent,pagdi tying service charges
354,Booking & commercial intent,pagri tying service charges
355,Booking & commercial intent,turban tying service charges
356,Booking & commercial intent,safa tying service price
357,Booking & commercial intent,pagdi tying service price
358,Booking & commercial intent,pagri tying service price
359,Booking & commercial intent,turban tying service price
360,Booking & commercial intent,safa tying cost
361,Booking & commercial intent,pagdi tying cost
362,Booking & commercial intent,pagri tying cost
363,Booking & commercial intent,turban tying cost
364,Booking & commercial intent,safa tying package
365,Booking & commercial intent,pagdi tying package
366,Booking & commercial intent,pagri tying package
367,Booking & commercial intent,turban tying package
368,Booking & commercial intent,wedding safa tying package
369,Booking & commercial intent,wedding turban tying package
370,At-home & venue,safa tying at wedding venue
371,At-home & venue,pagdi tying at wedding venue
372,At-home & venue,pagri tying at wedding venue
373,At-home & venue,turban tying at wedding venue
374,At-home & venue,safa tying at marriage venue
375,At-home & venue,pagdi tying at marriage venue
376,At-home & venue,pagri tying at marriage venue
377,At-home & venue,turban tying at marriage venue
378,At-home & venue,safa tying home service
379,At-home & venue,pagdi tying home service
380,At-home & venue,pagri tying home service
381,At-home & venue,turban tying home service
382,At-home & venue,safa tying doorstep service
383,At-home & venue,pagdi tying doorstep service
384,At-home & venue,pagri tying doorstep service
385,At-home & venue,turban tying doorstep service
386,At-home & venue,safa tying mobile service
387,At-home & venue,pagdi tying mobile service
388,At-home & venue,pagri tying mobile service
389,At-home & venue,turban tying mobile service
390,At-home & venue,safa tying onsite service
391,At-home & venue,pagdi tying onsite service
392,At-home & venue,pagri tying onsite service
393,At-home & venue,turban tying onsite service
394,At-home & venue,safa tying on location
395,At-home & venue,pagdi tying on location
396,At-home & venue,pagri tying on location
397,At-home & venue,turban tying on location
398,At-home & venue,safa tying at hotel
399,At-home & venue,pagdi tying at hotel
400,At-home & venue,pagri tying at hotel
401,At-home & venue,turban tying at hotel
402,At-home & venue,safa tying at banquet
403,At-home & venue,pagdi tying at banquet
404,At-home & venue,pagri tying at banquet
405,At-home & venue,turban tying at banquet
406,At-home & venue,safa tying at marriage hall
407,At-home & venue,pagdi tying at marriage hall
408,At-home & venue,pagri tying at marriage hall
409,At-home & venue,turban tying at marriage hall
410,Near me / local intent,safa tying service near me
411,Near me / local intent,pagdi tying service near me
412,Near me / local intent,pagri tying service near me
413,Near me / local intent,turban tying service near me
414,Near me / local intent,safa tying near me
415,Near me / local intent,pagdi tying near me
416,Near me / local intent,pagri tying near me
417,Near me / local intent,turban tying near me
418,Near me / local intent,safa bandhne wala near me
419,Near me / local intent,pagdi bandhne wala near me
420,Near me / local intent,pagri bandhne wala near me
421,Near me / local intent,safa artist near me
422,Near me / local intent,pagdi artist near me
423,Near me / local intent,pagri artist near me
424,Near me / local intent,turban artist near me
425,Near me / local intent,wedding safa tying near me
426,Near me / local intent,wedding pagdi tying near me
427,Near me / local intent,wedding pagri tying near me
428,Near me / local intent,wedding turban tying near me
429,Near me / local intent,groom safa tying near me
430,Near me / local intent,groom pagdi tying near me
431,Near me / local intent,groom pagri tying near me
432,Near me / local intent,groom turban tying near me
433,Near me / local intent,dulha safa tying near me
434,Near me / local intent,dulha pagdi tying near me
435,Near me / local intent,dulha pagri tying near me
436,Near me / local intent,dulha turban tying near me
437,Near me / local intent,baraat safa tying near me
438,Near me / local intent,baraat pagdi tying near me
439,Near me / local intent,baraat pagri tying near me
440,Near me / local intent,baraat turban tying near me
441,Near me / local intent,professional safa tying near me
442,Near me / local intent,professional pagdi tying near me
443,Near me / local intent,professional pagri tying near me
444,Near me / local intent,professional turban tying near me
445,Near me / local intent,safa tying artist near me
446,Near me / local intent,pagdi tying artist near me
447,Near me / local intent,pagri tying artist near me
448,Near me / local intent,turban tying artist near me
449,Near me / local intent,safa tying service provider near me
450,Near me / local intent,pagdi tying service provider near me
451,Near me / local intent,pagri tying service provider near me
452,Near me / local intent,turban tying service provider near me
453,Near me / local intent,wedding safa artist near me
454,Near me / local intent,wedding pagdi artist near me
455,Near me / local intent,wedding pagri artist near me
456,Near me / local intent,wedding turban artist near me
457,Near me / local intent,traditional safa tying near me
458,Near me / local intent,traditional pagdi tying near me
459,Style & traditional tying,rajasthani safa tying
460,Style & traditional tying,rajasthani pagdi tying
461,Style & traditional tying,rajasthani pagri tying
462,Style & traditional tying,rajasthani turban tying
463,Style & traditional tying,rajputi safa tying
464,Style & traditional tying,rajputi pagdi tying
465,Style & traditional tying,rajputi pagri tying
466,Style & traditional tying,rajputi turban tying
467,Style & traditional tying,marwari safa tying
468,Style & traditional tying,marwari pagdi tying
469,Style & traditional tying,marwari pagri tying
470,Style & traditional tying,marwari turban tying
471,Style & traditional tying,punjabi safa tying
472,Style & traditional tying,punjabi pagdi tying
473,Style & traditional tying,punjabi pagri tying
474,Style & traditional tying,punjabi turban tying
475,Style & traditional tying,jodhpuri safa tying
476,Style & traditional tying,jodhpuri pagdi tying
477,Style & traditional tying,jodhpuri pagri tying
478,Style & traditional tying,jodhpuri turban tying
479,Style & traditional tying,traditional safa tying service
480,Style & traditional tying,traditional pagdi tying service
481,Style & traditional tying,traditional pagri tying service
482,Style & traditional tying,traditional turban tying service
483,Style & traditional tying,royal safa tying service
484,Style & traditional tying,royal pagdi tying service
485,Style & traditional tying,royal pagri tying service
486,Style & traditional tying,royal turban tying service
487,Style & traditional tying,designer safa tying service
488,Style & traditional tying,designer pagdi tying service
489,Style & traditional tying,designer pagri tying service
490,Style & traditional tying,designer turban tying service
491,Style & traditional tying,modern safa tying
492,Style & traditional tying,modern pagdi tying
493,Style & traditional tying,modern pagri tying
494,Style & traditional tying,modern turban tying
495,Style & traditional tying,classic safa tying
496,Style & traditional tying,classic pagdi tying
497,Style & traditional tying,classic pagri tying
498,Style & traditional tying,classic turban tying
499,Style & traditional tying,ethnic safa tying
500,Style & traditional tying,ethnic pagdi tying
501,Style & traditional tying,ethnic pagri tying
502,Style & traditional tying,ethnic turban tying
503,Style & traditional tying,cultural safa tying
504,Style & traditional tying,cultural pagdi tying
505,Style & traditional tying,cultural pagri tying
506,Style & traditional tying,cultural turban tying
507,Style & traditional tying,indian safa tying
508,Style & traditional tying,indian pagdi tying
509,How-to / informational,how to tie safa
510,How-to / informational,how to tie a safa
511,How-to / informational,how to tie pagdi
512,How-to / informational,how to tie a pagdi
513,How-to / informational,how to tie pagri
514,How-to / informational,how to tie a pagri
515,How-to / informational,how to tie turban
516,How-to / informational,how to tie a turban
517,How-to / informational,safa tying tutorial
518,How-to / informational,pagdi tying tutorial
519,How-to / informational,pagri tying tutorial
520,How-to / informational,turban tying tutorial
521,How-to / informational,safa tying steps
522,How-to / informational,pagdi tying steps
523,How-to / informational,pagri tying steps
524,How-to / informational,turban tying steps
525,How-to / informational,safa tying method
526,How-to / informational,pagdi tying method
527,How-to / informational,pagri tying method
528,How-to / informational,turban tying method
529,How-to / informational,safa tying techniques
530,How-to / informational,pagdi tying techniques
531,How-to / informational,pagri tying techniques
532,How-to / informational,turban tying techniques
533,How-to / informational,traditional safa tying method
534,How-to / informational,traditional pagdi tying method
535,How-to / informational,traditional pagri tying method
536,How-to / informational,traditional turban tying method
537,How-to / informational,easy safa tying
538,How-to / informational,easy pagdi tying
539,How-to / informational,easy pagri tying
540,How-to / informational,easy turban tying
541,How-to / informational,professional safa tying technique
542,How-to / informational,professional pagdi tying technique
543,How-to / informational,professional pagri tying technique
544,How-to / informational,professional turban tying technique
545,How-to / informational,safa tying styles
546,How-to / informational,pagdi tying styles
547,How-to / informational,pagri tying styles
548,How-to / informational,turban tying styles
549,How-to / informational,different safa tying styles
550,How-to / informational,different pagdi tying styles
551,How-to / informational,different pagri tying styles
552,How-to / informational,different turban tying styles
553,How-to / informational,safa tying ideas
554,How-to / informational,pagdi tying ideas
555,How-to / informational,pagri tying ideas
556,How-to / informational,turban tying ideas
557,How-to / informational,wedding safa tying ideas
558,How-to / informational,wedding pagdi tying ideas
559,Packages & scale,wedding safa package
560,Packages & scale,wedding pagdi package
561,Packages & scale,wedding pagri package
562,Packages & scale,wedding turban package
563,Packages & scale,groom safa package
564,Packages & scale,groom pagdi package
565,Packages & scale,groom pagri package
566,Packages & scale,groom turban package
567,Packages & scale,baraat safa package
568,Packages & scale,baraat pagdi package
569,Packages & scale,baraat pagri package
570,Packages & scale,baraat turban package
571,Packages & scale,guest safa package
572,Packages & scale,guest pagdi package
573,Packages & scale,guest pagri package
574,Packages & scale,guest turban package
575,Packages & scale,family safa package
576,Packages & scale,family pagdi package
577,Packages & scale,family pagri package
578,Packages & scale,family turban package
579,Packages & scale,bulk safa package
580,Packages & scale,bulk pagdi package
581,Packages & scale,bulk pagri package
582,Packages & scale,bulk turban package
583,Packages & scale,safa tying group package
584,Packages & scale,pagdi tying group package
585,Packages & scale,pagri tying group package
586,Packages & scale,turban tying group package
587,Packages & scale,wedding group safa tying
588,Packages & scale,wedding group pagdi tying
589,Packages & scale,wedding group pagri tying
590,Packages & scale,wedding group turban tying
591,Packages & scale,corporate event safa tying
592,Packages & scale,corporate event pagdi tying
593,Packages & scale,corporate event pagri tying
594,Packages & scale,corporate event turban tying
595,Packages & scale,large group safa tying
596,Packages & scale,large group pagdi tying
597,Packages & scale,large group pagri tying
598,Packages & scale,large group turban tying
599,Packages & scale,multiple groom safa tying
600,Packages & scale,multiple guest safa tying
601,Packages & scale,group wedding safa tying
602,Packages & scale,group wedding pagdi tying
603,Packages & scale,group wedding pagri tying
604,Packages & scale,group wedding turban tying
605,Additional event intent,wedding safa service
606,Additional event intent,wedding pagdi service
607,Additional event intent,wedding pagri service
608,Additional event intent,wedding turban service
609,Additional event intent,marriage safa service
610,Additional event intent,marriage pagdi service
611,Additional event intent,marriage pagri service
612,Additional event intent,marriage turban service
613,Additional event intent,engagement safa service
614,Additional event intent,engagement pagdi service
615,Additional event intent,engagement pagri service
616,Additional event intent,engagement turban service
617,Additional event intent,reception safa service
618,Additional event intent,reception pagdi service
619,Additional event intent,reception pagri service
620,Additional event intent,reception turban service
621,Additional event intent,sangeet safa service
622,Additional event intent,sangeet pagdi service
623,Additional event intent,sangeet pagri service
624,Additional event intent,sangeet turban service
625,Additional event intent,haldi safa service
626,Additional event intent,haldi pagdi service
627,Additional event intent,haldi pagri service
628,Additional event intent,haldi turban service
629,Additional event intent,mehndi safa service
630,Additional event intent,mehndi pagdi service
631,Additional event intent,mehndi pagri service
632,Additional event intent,mehndi turban service
633,Additional event intent,baraat safa service
634,Additional event intent,baraat pagdi service
635,Additional event intent,baraat pagri service
636,Additional event intent,baraat turban service
637,Additional event intent,family function safa service
638,Additional event intent,family function pagdi service
639,Additional event intent,family function pagri service
640,Additional event intent,family function turban service
641,Additional event intent,festival safa tying
642,Additional event intent,festival pagdi tying
643,Additional event intent,festival pagri tying
644,Additional event intent,festival turban tying
645,Additional event intent,cultural event safa tying
646,Additional event intent,cultural event pagdi tying
647,Additional event intent,cultural event pagri tying
648,Additional event intent,cultural event turban tying
649,Additional event intent,private event safa tying
650,Additional event intent,private event pagdi tying
651,Additional event intent,private event pagri tying
652,Additional event intent,private event turban tying
653,Additional event intent,special event safa tying
654,Additional event intent,special event turban tying
655,Language variants,turban bandhne wala
656,Language variants,turban bandhane wala
657,Language variants,turban bandhane ki service
658,Language variants,turban bandhne ki service
659,Language variants,safa baandhne wala
660,Language variants,safa baandhne ki service
661,Language variants,pagdi baandhne wala
662,Language variants,pagdi baandhne ki service
663,Language variants,pagri baandhne wala
664,Language variants,pagri baandhne ki service
665,Language variants,turban baandhne wala
666,Language variants,turban baandhne ki service
667,Language variants,safa bandhne artist
668,Language variants,pagdi bandhne artist
669,Language variants,pagri bandhne artist
670,Language variants,turban bandhne artist
671,Language variants,safa bandhane artist
672,Language variants,pagdi bandhane artist
673,Language variants,pagri bandhane artist
674,Language variants,turban bandhane artist
675,Language variants,safa baandhne artist
676,Language variants,pagdi baandhne artist
677,Language variants,pagri baandhne artist
678,Language variants,turban baandhne artist
679,Language variants,safa bandhne booking
680,Language variants,pagdi bandhne booking
681,Language variants,pagri bandhne booking
682,Language variants,turban bandhne booking
683,Language variants,safa bandhane booking
684,Language variants,pagdi bandhane booking
685,Language variants,pagri bandhane booking
686,Language variants,turban bandhane booking
687,Language variants,safa baandhne booking
688,Language variants,pagdi baandhne booking
689,Language variants,pagri baandhne booking
690,Language variants,turban baandhne booking
691,Accessories + tying service,safa and kalgi tying service
692,Accessories + tying service,pagdi and kalgi tying service
693,Accessories + tying service,pagri and kalgi tying service
694,Accessories + tying service,turban and kalgi tying service
695,Accessories + tying service,safa kalgi fitting service
696,Accessories + tying service,pagdi kalgi fitting service
697,Accessories + tying service,pagri kalgi fitting service
698,Accessories + tying service,turban kalgi fitting service
699,Accessories + tying service,safa with kalgi service
700,Accessories + tying service,pagdi with kalgi service
701,Accessories + tying service,pagri with kalgi service
702,Accessories + tying service,turban with kalgi service
703,Accessories + tying service,safa and sehra service
704,Accessories + tying service,pagdi and sehra service
705,Accessories + tying service,pagri and sehra service
706,Accessories + tying service,turban and sehra service
707,Accessories + tying service,groom safa kalgi service
708,Accessories + tying service,groom pagdi kalgi service
709,Accessories + tying service,groom pagri kalgi service
710,Accessories + tying service,groom turban kalgi service
711,Accessories + tying service,dulha safa kalgi service
712,Accessories + tying service,dulha pagdi kalgi service
713,Accessories + tying service,dulha pagri kalgi service
714,Accessories + tying service,dulha turban kalgi service
715,Accessories + tying service,safa accessory fitting
716,Accessories + tying service,pagdi accessory fitting
717,Accessories + tying service,pagri accessory fitting
718,Accessories + tying service,turban accessory fitting
719,Accessories + tying service,safa styling and tying service
720,Accessories + tying service,pagdi styling and tying service
721,Accessories + tying service,pagri styling and tying service
722,Accessories + tying service,turban styling and tying service
723,Accessories + tying service,groom safa styling service
724,Accessories + tying service,groom pagdi styling service
725,Accessories + tying service,groom pagri styling service
726,Accessories + tying service,groom turban styling service
727,Accessories + tying service,dulha safa styling service
728,Accessories + tying service,dulha pagdi styling service
729,Accessories + tying service,dulha pagri styling service
730,Accessories + tying service,dulha turban styling service
731,Accessories + tying service,wedding safa styling
732,Accessories + tying service,wedding pagdi styling
733,Accessories + tying service,wedding pagri styling
734,Accessories + tying service,wedding turban styling
735,Accessories + tying service,safa styling artist
736,Accessories + tying service,pagdi styling artist
737,Accessories + tying service,pagri styling artist
738,Accessories + tying service,turban styling artist
739,Accessories + tying service,groom headgear styling
740,Rental + tying combinations,safa rental and tying service
741,Rental + tying combinations,pagdi rental and tying service
742,Rental + tying combinations,pagri rental and tying service
743,Rental + tying combinations,turban rental and tying service
744,Rental + tying combinations,safa on rent with tying
745,Rental + tying combinations,pagdi on rent with tying
746,Rental + tying combinations,pagri on rent with tying
747,Rental + tying combinations,turban on rent with tying
748,Rental + tying combinations,wedding safa rental and tying
749,Rental + tying combinations,wedding pagdi rental and tying
750,Rental + tying combinations,wedding pagri rental and tying
751,Rental + tying combinations,wedding turban rental and tying
752,Rental + tying combinations,groom safa rental and tying
753,Rental + tying combinations,groom pagdi rental and tying
754,Rental + tying combinations,groom pagri rental and tying
755,Rental + tying combinations,groom turban rental and tying
756,Rental + tying combinations,dulha safa rental and tying
757,Rental + tying combinations,dulha pagdi rental and tying
758,Rental + tying combinations,dulha pagri rental and tying
759,Rental + tying combinations,dulha turban rental and tying
760,Rental + tying combinations,baraat safa rental and tying
761,Rental + tying combinations,baraat pagdi rental and tying
762,Rental + tying combinations,baraat pagri rental and tying
763,Rental + tying combinations,baraat turban rental and tying
764,Rental + tying combinations,guest safa rental and tying
765,Rental + tying combinations,guest pagdi rental and tying
766,Rental + tying combinations,guest pagri rental and tying
767,Rental + tying combinations,guest turban rental and tying
768,Rental + tying combinations,safa hire and tying service
769,Rental + tying combinations,pagdi hire and tying service
770,Rental + tying combinations,pagri hire and tying service
771,Rental + tying combinations,turban hire and tying service
772,Rental + tying combinations,safa rental service with artist
773,Rental + tying combinations,pagdi rental service with artist
774,Rental + tying combinations,pagri rental service with artist
775,Rental + tying combinations,turban rental service with artist
776,Rental + tying combinations,wedding safa hire with tying
777,Rental + tying combinations,wedding pagdi hire with tying
778,Rental + tying combinations,wedding pagri hire with tying
779,Rental + tying combinations,wedding turban hire with tying
780,Rental + tying combinations,groom safa hire with tying
781,Rental + tying combinations,groom pagdi hire with tying
782,Rental + tying combinations,groom pagri hire with tying
783,Rental + tying combinations,groom turban hire with tying
784,Rental + tying combinations,safa rent and tie
785,Rental + tying combinations,pagdi rent and tie
786,Rental + tying combinations,pagri rent and tie
787,Rental + tying combinations,turban rent and tie
788,Rental + tying combinations,rent safa tying service
789,Rental + tying combinations,rent pagdi tying service
790,Quality / professional intent,best safa tying service
791,Quality / professional intent,best pagdi tying service
792,Quality / professional intent,best pagri tying service
793,Quality / professional intent,best turban tying service
794,Quality / professional intent,professional safa artist
795,Quality / professional intent,professional pagdi artist
796,Quality / professional intent,professional pagri artist
797,Quality / professional intent,professional turban artist
798,Quality / professional intent,experienced safa tying artist
799,Quality / professional intent,experienced pagdi tying artist
800,Quality / professional intent,experienced pagri tying artist
801,Quality / professional intent,experienced turban tying artist
802,Quality / professional intent,expert safa tying artist
803,Quality / professional intent,expert pagdi tying artist
804,Quality / professional intent,expert pagri tying artist
805,Quality / professional intent,expert turban tying artist
806,Quality / professional intent,specialist safa tying artist
807,Quality / professional intent,specialist pagdi tying artist
808,Quality / professional intent,specialist pagri tying artist
809,Quality / professional intent,specialist turban tying artist
810,Quality / professional intent,trained safa tying artist
811,Quality / professional intent,trained pagdi tying artist
812,Quality / professional intent,trained pagri tying artist
813,Quality / professional intent,trained turban tying artist
814,Quality / professional intent,traditional safa artist
815,Quality / professional intent,traditional pagdi artist
816,Quality / professional intent,traditional pagri artist
817,Quality / professional intent,traditional turban artist
818,Quality / professional intent,wedding safa specialist
819,Quality / professional intent,wedding pagdi specialist
820,Quality / professional intent,wedding pagri specialist
821,Quality / professional intent,wedding turban specialist
822,Quality / professional intent,groom safa specialist
823,Quality / professional intent,groom pagdi specialist
824,Quality / professional intent,groom pagri specialist
825,Quality / professional intent,groom turban specialist
826,Quality / professional intent,professional wedding safa service
827,Quality / professional intent,professional wedding pagdi service
828,Quality / professional intent,professional wedding pagri service
829,Quality / professional intent,professional wedding turban service
830,Quality / professional intent,premium safa tying service
831,Quality / professional intent,premium pagdi tying service
832,Quality / professional intent,premium pagri tying service
833,Quality / professional intent,premium turban tying service
834,Quality / professional intent,royal wedding safa service
835,Quality / professional intent,royal wedding pagdi service
836,Quality / professional intent,royal wedding pagri service
837,Quality / professional intent,royal wedding turban service
838,Quality / professional intent,premium groom safa tying
839,Quality / professional intent,premium groom turban tying
840,Expanded tying intent,safa tying hire
841,Expanded tying intent,safa tying price
842,Expanded tying intent,safa tying charges
843,Expanded tying intent,safa tying group
844,Expanded tying intent,safa tying on site
845,Expanded tying intent,safa tying onsite
846,Expanded tying intent,pagdi tying hire
847,Expanded tying intent,pagdi tying price
848,Expanded tying intent,pagdi tying charges
849,Expanded tying intent,pagdi tying group
850,Expanded tying intent,pagdi tying on site
851,Expanded tying intent,pagdi tying onsite
852,Expanded tying intent,pagri tying hire
853,Expanded tying intent,pagri tying price
854,Expanded tying intent,pagri tying charges
855,Expanded tying intent,pagri tying group
856,Expanded tying intent,pagri tying on site
857,Expanded tying intent,pagri tying onsite
858,Expanded tying intent,turban tying hire
859,Expanded tying intent,turban tying price
860,Expanded tying intent,turban tying charges
861,Expanded tying intent,turban tying group
862,Expanded tying intent,turban tying on site
863,Expanded tying intent,turban tying onsite
864,Expanded tying intent,wedding safa tying service provider
865,Expanded tying intent,wedding safa tying artist
866,Expanded tying intent,wedding safa tying artist booking
867,Expanded tying intent,wedding safa tying professional
868,Expanded tying intent,wedding safa tying specialist
869,Expanded tying intent,wedding safa tying booking
870,Expanded tying intent,wedding safa tying hire
871,Expanded tying intent,wedding safa tying appointment
872,Expanded tying intent,wedding safa tying at home
873,Expanded tying intent,wedding safa tying at venue
874,Expanded tying intent,wedding safa tying for wedding
875,Expanded tying intent,wedding safa tying for groom
876,Expanded tying intent,wedding safa tying for guests
877,Expanded tying intent,wedding safa tying for family
878,Expanded tying intent,wedding safa tying for baraat
879,Expanded tying intent,wedding safa tying for barati
880,Expanded tying intent,wedding safa tying price
881,Expanded tying intent,wedding safa tying cost
882,Expanded tying intent,wedding safa tying charges
883,Expanded tying intent,wedding safa tying team
884,Expanded tying intent,wedding safa tying group
885,Expanded tying intent,wedding safa tying on site
886,Expanded tying intent,wedding safa tying onsite
887,Expanded tying intent,wedding safa tying mobile service
888,Expanded tying intent,wedding safa tying doorstep service
889,Expanded tying intent,wedding safa tying on location
890,Expanded tying intent,wedding pagdi tying service provider
891,Expanded tying intent,wedding pagdi tying artist
892,Expanded tying intent,wedding pagdi tying artist booking
893,Expanded tying intent,wedding pagdi tying professional
894,Expanded tying intent,wedding pagdi tying specialist
895,Expanded tying intent,wedding pagdi tying booking
896,Expanded tying intent,wedding pagdi tying hire
897,Expanded tying intent,wedding pagdi tying appointment
898,Expanded tying intent,wedding pagdi tying at home
899,Expanded tying intent,wedding pagdi tying at venue
900,Expanded tying intent,wedding pagdi tying for wedding
901,Expanded tying intent,wedding pagdi tying for groom
902,Expanded tying intent,wedding pagdi tying for guests
903,Expanded tying intent,wedding pagdi tying for family
904,Expanded tying intent,wedding pagdi tying for baraat
905,Expanded tying intent,wedding pagdi tying for barati
906,Expanded tying intent,wedding pagdi tying price
907,Expanded tying intent,wedding pagdi tying cost
908,Expanded tying intent,wedding pagdi tying charges
909,Expanded tying intent,wedding pagdi tying package
910,Expanded tying intent,wedding pagdi tying team
911,Expanded tying intent,wedding pagdi tying group
912,Expanded tying intent,wedding pagdi tying on site
913,Expanded tying intent,wedding pagdi tying onsite
914,Expanded tying intent,wedding pagdi tying mobile service
915,Expanded tying intent,wedding pagdi tying doorstep service
916,Expanded tying intent,wedding pagdi tying on location
917,Expanded tying intent,wedding pagri tying service provider
918,Expanded tying intent,wedding pagri tying artist
919,Expanded tying intent,wedding pagri tying artist booking
920,Expanded tying intent,wedding pagri tying professional
921,Expanded tying intent,wedding pagri tying specialist
922,Expanded tying intent,wedding pagri tying booking
923,Expanded tying intent,wedding pagri tying hire
924,Expanded tying intent,wedding pagri tying appointment
925,Expanded tying intent,wedding pagri tying at home
926,Expanded tying intent,wedding pagri tying at venue
927,Expanded tying intent,wedding pagri tying for wedding
928,Expanded tying intent,wedding pagri tying for groom
929,Expanded tying intent,wedding pagri tying for guests
930,Expanded tying intent,wedding pagri tying for family
931,Expanded tying intent,wedding pagri tying for baraat
932,Expanded tying intent,wedding pagri tying for barati
933,Expanded tying intent,wedding pagri tying price
934,Expanded tying intent,wedding pagri tying cost
935,Expanded tying intent,wedding pagri tying charges
936,Expanded tying intent,wedding pagri tying package
937,Expanded tying intent,wedding pagri tying team
938,Expanded tying intent,wedding pagri tying group
939,Expanded tying intent,wedding pagri tying on site
940,Expanded tying intent,wedding pagri tying onsite
941,Expanded tying intent,wedding pagri tying mobile service
942,Expanded tying intent,wedding pagri tying doorstep service
943,Expanded tying intent,wedding pagri tying on location
944,Expanded tying intent,wedding turban tying service provider
945,Expanded tying intent,wedding turban tying artist booking
946,Expanded tying intent,wedding turban tying professional
947,Expanded tying intent,wedding turban tying specialist
948,Expanded tying intent,wedding turban tying booking
949,Expanded tying intent,wedding turban tying hire
950,Expanded tying intent,wedding turban tying appointment
951,Expanded tying intent,wedding turban tying at home
952,Expanded tying intent,wedding turban tying at venue
953,Expanded tying intent,wedding turban tying for wedding
954,Expanded tying intent,wedding turban tying for groom
955,Expanded tying intent,wedding turban tying for guests
956,Expanded tying intent,wedding turban tying for family
957,Expanded tying intent,wedding turban tying for baraat
958,Expanded tying intent,wedding turban tying for barati
959,Expanded tying intent,wedding turban tying price
960,Expanded tying intent,wedding turban tying cost
961,Expanded tying intent,wedding turban tying charges
962,Expanded tying intent,wedding turban tying team
963,Expanded tying intent,wedding turban tying group
964,Expanded tying intent,wedding turban tying on site
965,Expanded tying intent,wedding turban tying onsite
966,Expanded tying intent,wedding turban tying mobile service
967,Expanded tying intent,wedding turban tying doorstep service
968,Expanded tying intent,wedding turban tying on location
969,Expanded tying intent,groom safa tying service provider
970,Expanded tying intent,groom safa tying artist booking
971,Expanded tying intent,groom safa tying professional
972,Expanded tying intent,groom safa tying specialist
973,Expanded tying intent,groom safa tying booking
974,Expanded tying intent,groom safa tying hire
975,Expanded tying intent,groom safa tying appointment
976,Expanded tying intent,groom safa tying at home
977,Expanded tying intent,groom safa tying at venue
978,Expanded tying intent,groom safa tying for wedding
979,Expanded tying intent,groom safa tying for groom
980,Expanded tying intent,groom safa tying for guests
981,Expanded tying intent,groom safa tying for family
982,Expanded tying intent,groom safa tying for baraat
983,Expanded tying intent,groom safa tying for barati
984,Expanded tying intent,groom safa tying price
985,Expanded tying intent,groom safa tying cost
986,Expanded tying intent,groom safa tying charges
987,Expanded tying intent,groom safa tying package
988,Expanded tying intent,groom safa tying team
989,Expanded tying intent,groom safa tying group
990,Expanded tying intent,groom safa tying on site
991,Expanded tying intent,groom safa tying onsite
992,Expanded tying intent,groom safa tying mobile service
993,Expanded tying intent,groom safa tying doorstep service
994,Expanded tying intent,groom safa tying on location
995,Expanded tying intent,groom pagdi tying service provider
996,Expanded tying intent,groom pagdi tying artist
997,Expanded tying intent,groom pagdi tying artist booking
998,Expanded tying intent,groom pagdi tying professional
999,Expanded tying intent,groom pagdi tying specialist
1000,Expanded tying intent,groom pagdi tying booking
1001,Expanded tying intent,groom pagdi tying hire
1002,Expanded tying intent,groom pagdi tying appointment
1003,Expanded tying intent,groom pagdi tying at home
1004,Expanded tying intent,groom pagdi tying at venue
1005,Expanded tying intent,groom pagdi tying for wedding
1006,Expanded tying intent,groom pagdi tying for groom
1007,Expanded tying intent,groom pagdi tying for guests
1008,Expanded tying intent,groom pagdi tying for family
1009,Expanded tying intent,groom pagdi tying for baraat
1010,Expanded tying intent,groom pagdi tying for barati
1011,Expanded tying intent,groom pagdi tying price
1012,Expanded tying intent,groom pagdi tying cost
1013,Expanded tying intent,groom pagdi tying charges
1014,Expanded tying intent,groom pagdi tying package
1015,Expanded tying intent,groom pagdi tying team
1016,Expanded tying intent,groom pagdi tying group
1017,Expanded tying intent,groom pagdi tying on site
1018,Expanded tying intent,groom pagdi tying onsite
1019,Expanded tying intent,groom pagdi tying mobile service
1020,Expanded tying intent,groom pagdi tying doorstep service
1021,Expanded tying intent,groom pagdi tying on location
1022,Expanded tying intent,groom pagri tying service provider
1023,Expanded tying intent,groom pagri tying artist
1024,Expanded tying intent,groom pagri tying artist booking
1025,Expanded tying intent,groom pagri tying professional
1026,Expanded tying intent,groom pagri tying specialist
1027,Expanded tying intent,groom pagri tying booking
1028,Expanded tying intent,groom pagri tying hire
1029,Expanded tying intent,groom pagri tying appointment
1030,Expanded tying intent,groom pagri tying at home
1031,Expanded tying intent,groom pagri tying at venue
1032,Expanded tying intent,groom pagri tying for wedding
1033,Expanded tying intent,groom pagri tying for groom
1034,Expanded tying intent,groom pagri tying for guests
1035,Expanded tying intent,groom pagri tying for family
1036,Expanded tying intent,groom pagri tying for baraat
1037,Expanded tying intent,groom pagri tying for barati
1038,Expanded tying intent,groom pagri tying price
1039,Expanded tying intent,groom pagri tying cost
1040,Expanded tying intent,groom pagri tying charges
1041,Expanded tying intent,groom pagri tying package
1042,Expanded tying intent,groom pagri tying team
1043,Expanded tying intent,groom pagri tying group
1044,Expanded tying intent,groom pagri tying on site
1045,Expanded tying intent,groom pagri tying onsite
1046,Expanded tying intent,groom pagri tying mobile service
1047,Expanded tying intent,groom pagri tying doorstep service
1048,Expanded tying intent,groom pagri tying on location
1049,Expanded tying intent,groom turban tying service provider
1050,Expanded tying intent,groom turban tying artist booking
1051,Expanded tying intent,groom turban tying professional
1052,Expanded tying intent,groom turban tying specialist
1053,Expanded tying intent,groom turban tying booking
1054,Expanded tying intent,groom turban tying hire
1055,Expanded tying intent,groom turban tying appointment
1056,Expanded tying intent,groom turban tying at home
1057,Expanded tying intent,groom turban tying at venue
1058,Expanded tying intent,groom turban tying for wedding
1059,Expanded tying intent,groom turban tying for groom
1060,Expanded tying intent,groom turban tying for guests
1061,Expanded tying intent,groom turban tying for family
1062,Expanded tying intent,groom turban tying for baraat
1063,Expanded tying intent,groom turban tying for barati
1064,Expanded tying intent,groom turban tying price
1065,Expanded tying intent,groom turban tying cost
1066,Expanded tying intent,groom turban tying charges
1067,Expanded tying intent,groom turban tying package
1068,Expanded tying intent,groom turban tying team
1069,Expanded tying intent,groom turban tying group
1070,Expanded tying intent,groom turban tying on site
1071,Expanded tying intent,groom turban tying onsite
1072,Expanded tying intent,groom turban tying mobile service
1073,Expanded tying intent,groom turban tying doorstep service
1074,Expanded tying intent,groom turban tying on location
1075,Expanded tying intent,dulha safa tying service provider
1076,Expanded tying intent,dulha safa tying artist
1077,Expanded tying intent,dulha safa tying artist booking
1078,Expanded tying intent,dulha safa tying professional
1079,Expanded tying intent,dulha safa tying specialist
1080,Expanded tying intent,dulha safa tying booking
1081,Expanded tying intent,dulha safa tying hire
1082,Expanded tying intent,dulha safa tying appointment
1083,Expanded tying intent,dulha safa tying at home
1084,Expanded tying intent,dulha safa tying at venue
1085,Expanded tying intent,dulha safa tying for wedding
1086,Expanded tying intent,dulha safa tying for groom
1087,Expanded tying intent,dulha safa tying for guests
1088,Expanded tying intent,dulha safa tying for family
1089,Expanded tying intent,dulha safa tying for baraat
1090,Expanded tying intent,dulha safa tying for barati
1091,Expanded tying intent,dulha safa tying price
1092,Expanded tying intent,dulha safa tying cost
1093,Expanded tying intent,dulha safa tying charges
1094,Expanded tying intent,dulha safa tying package
1095,Expanded tying intent,dulha safa tying team
1096,Expanded tying intent,dulha safa tying group
1097,Expanded tying intent,dulha safa tying on site
1098,Expanded tying intent,dulha safa tying onsite
1099,Expanded tying intent,dulha safa tying mobile service
1100,Expanded tying intent,dulha safa tying doorstep service
1101,Expanded tying intent,dulha safa tying on location
1102,Expanded tying intent,dulha pagdi tying service provider
1103,Expanded tying intent,dulha pagdi tying artist
1104,Expanded tying intent,dulha pagdi tying artist booking
1105,Expanded tying intent,dulha pagdi tying professional
1106,Expanded tying intent,dulha pagdi tying specialist
1107,Expanded tying intent,dulha pagdi tying booking
1108,Expanded tying intent,dulha pagdi tying hire
1109,Expanded tying intent,dulha pagdi tying appointment
1110,Expanded tying intent,dulha pagdi tying at home
1111,Expanded tying intent,dulha pagdi tying at venue
1112,Expanded tying intent,dulha pagdi tying for wedding
1113,Expanded tying intent,dulha pagdi tying for groom
1114,Expanded tying intent,dulha pagdi tying for guests
1115,Expanded tying intent,dulha pagdi tying for family
1116,Expanded tying intent,dulha pagdi tying for baraat
1117,Expanded tying intent,dulha pagdi tying for barati
1118,Expanded tying intent,dulha pagdi tying price
1119,Expanded tying intent,dulha pagdi tying cost
1120,Expanded tying intent,dulha pagdi tying charges
1121,Expanded tying intent,dulha pagdi tying package
1122,Expanded tying intent,dulha pagdi tying team
1123,Expanded tying intent,dulha pagdi tying group
1124,Expanded tying intent,dulha pagdi tying on site
1125,Expanded tying intent,dulha pagdi tying onsite
1126,Expanded tying intent,dulha pagdi tying mobile service
1127,Expanded tying intent,dulha pagdi tying doorstep service
1128,Expanded tying intent,dulha pagdi tying on location
1129,Expanded tying intent,dulha pagri tying service provider
1130,Expanded tying intent,dulha pagri tying artist
1131,Expanded tying intent,dulha pagri tying artist booking
1132,Expanded tying intent,dulha pagri tying professional
1133,Expanded tying intent,dulha pagri tying specialist
1134,Expanded tying intent,dulha pagri tying booking
1135,Expanded tying intent,dulha pagri tying hire
1136,Expanded tying intent,dulha pagri tying appointment
1137,Expanded tying intent,dulha pagri tying at home
1138,Expanded tying intent,dulha pagri tying at venue
1139,Expanded tying intent,dulha pagri tying for wedding
1140,Expanded tying intent,dulha pagri tying for groom
1141,Expanded tying intent,dulha pagri tying for guests
1142,Expanded tying intent,dulha pagri tying for family
1143,Expanded tying intent,dulha pagri tying for baraat
1144,Expanded tying intent,dulha pagri tying for barati
1145,Expanded tying intent,dulha pagri tying price
1146,Expanded tying intent,dulha pagri tying cost
1147,Expanded tying intent,dulha pagri tying charges
1148,Expanded tying intent,dulha pagri tying package
1149,Expanded tying intent,dulha pagri tying team
1150,Expanded tying intent,dulha pagri tying group
1151,Expanded tying intent,dulha pagri tying on site
1152,Expanded tying intent,dulha pagri tying onsite
1153,Expanded tying intent,dulha pagri tying mobile service
1154,Expanded tying intent,dulha pagri tying doorstep service
1155,Expanded tying intent,dulha pagri tying on location
1156,Expanded tying intent,dulha turban tying service provider
1157,Expanded tying intent,dulha turban tying artist
1158,Expanded tying intent,dulha turban tying artist booking
1159,Expanded tying intent,dulha turban tying professional
1160,Expanded tying intent,dulha turban tying specialist
1161,Expanded tying intent,dulha turban tying booking
1162,Expanded tying intent,dulha turban tying hire
1163,Expanded tying intent,dulha turban tying appointment
1164,Expanded tying intent,dulha turban tying at home
1165,Expanded tying intent,dulha turban tying at venue
1166,Expanded tying intent,dulha turban tying for wedding
1167,Expanded tying intent,dulha turban tying for groom
1168,Expanded tying intent,dulha turban tying for guests
1169,Expanded tying intent,dulha turban tying for family
1170,Expanded tying intent,dulha turban tying for baraat
1171,Expanded tying intent,dulha turban tying for barati
1172,Expanded tying intent,dulha turban tying price
1173,Expanded tying intent,dulha turban tying cost
1174,Expanded tying intent,dulha turban tying charges
1175,Expanded tying intent,dulha turban tying package
1176,Expanded tying intent,dulha turban tying team
1177,Expanded tying intent,dulha turban tying group
1178,Expanded tying intent,dulha turban tying on site
1179,Expanded tying intent,dulha turban tying onsite
1180,Expanded tying intent,dulha turban tying mobile service
1181,Expanded tying intent,dulha turban tying doorstep service
1182,Expanded tying intent,dulha turban tying on location
1183,Expanded tying intent,baraat safa tying service provider
1184,Expanded tying intent,baraat safa tying artist
1185,Expanded tying intent,baraat safa tying artist booking
1186,Expanded tying intent,baraat safa tying professional
1187,Expanded tying intent,baraat safa tying specialist
1188,Expanded tying intent,baraat safa tying booking
1189,Expanded tying intent,baraat safa tying hire
1190,Expanded tying intent,baraat safa tying appointment
1191,Expanded tying intent,baraat safa tying at home
1192,Expanded tying intent,baraat safa tying at venue
1193,Expanded tying intent,baraat safa tying for wedding
1194,Expanded tying intent,baraat safa tying for groom
1195,Expanded tying intent,baraat safa tying for guests
1196,Expanded tying intent,baraat safa tying for family
1197,Expanded tying intent,baraat safa tying for baraat
1198,Expanded tying intent,baraat safa tying for barati
1199,Expanded tying intent,baraat safa tying price
1200,Expanded tying intent,baraat safa tying cost
1201,Expanded tying intent,baraat safa tying charges
1202,Expanded tying intent,baraat safa tying package
1203,Expanded tying intent,baraat safa tying team
1204,Expanded tying intent,baraat safa tying group
1205,Expanded tying intent,baraat safa tying on site
1206,Expanded tying intent,baraat safa tying onsite
1207,Expanded tying intent,baraat safa tying mobile service
1208,Expanded tying intent,baraat safa tying doorstep service
1209,Expanded tying intent,baraat safa tying on location
1210,Expanded tying intent,baraat pagdi tying service provider
1211,Expanded tying intent,baraat pagdi tying artist
1212,Expanded tying intent,baraat pagdi tying artist booking
1213,Expanded tying intent,baraat pagdi tying professional
1214,Expanded tying intent,baraat pagdi tying specialist
1215,Expanded tying intent,baraat pagdi tying booking
1216,Expanded tying intent,baraat pagdi tying hire
1217,Expanded tying intent,baraat pagdi tying appointment
1218,Expanded tying intent,baraat pagdi tying at home
1219,Expanded tying intent,baraat pagdi tying at venue
1220,Expanded tying intent,baraat pagdi tying for wedding
1221,Expanded tying intent,baraat pagdi tying for groom
1222,Expanded tying intent,baraat pagdi tying for guests
1223,Expanded tying intent,baraat pagdi tying for family
1224,Expanded tying intent,baraat pagdi tying for baraat
1225,Expanded tying intent,baraat pagdi tying for barati
1226,Expanded tying intent,baraat pagdi tying price
1227,Expanded tying intent,baraat pagdi tying cost
1228,Expanded tying intent,baraat pagdi tying charges
1229,Expanded tying intent,baraat pagdi tying package
1230,Expanded tying intent,baraat pagdi tying team
1231,Expanded tying intent,baraat pagdi tying group
1232,Expanded tying intent,baraat pagdi tying on site
1233,Expanded tying intent,baraat pagdi tying onsite
1234,Expanded tying intent,baraat pagdi tying mobile service
1235,Expanded tying intent,baraat pagdi tying doorstep service
1236,Expanded tying intent,baraat pagdi tying on location
1237,Expanded tying intent,baraat pagri tying service provider
1238,Expanded tying intent,baraat pagri tying artist
1239,Expanded tying intent,baraat pagri tying artist booking
1240,Expanded tying intent,baraat pagri tying professional
1241,Expanded tying intent,baraat pagri tying specialist
1242,Expanded tying intent,baraat pagri tying booking
1243,Expanded tying intent,baraat pagri tying hire
1244,Expanded tying intent,baraat pagri tying appointment
1245,Expanded tying intent,baraat pagri tying at home
1246,Expanded tying intent,baraat pagri tying at venue
1247,Expanded tying intent,baraat pagri tying for wedding
1248,Expanded tying intent,baraat pagri tying for groom
1249,Expanded tying intent,baraat pagri tying for guests
1250,Expanded tying intent,baraat pagri tying for family
1251,Expanded tying intent,baraat pagri tying for baraat
1252,Expanded tying intent,baraat pagri tying for barati
1253,Expanded tying intent,baraat pagri tying price
1254,Expanded tying intent,baraat pagri tying cost
1255,Expanded tying intent,baraat pagri tying charges
1256,Expanded tying intent,baraat pagri tying package
1257,Expanded tying intent,baraat pagri tying team
1258,Expanded tying intent,baraat pagri tying group
1259,Expanded tying intent,baraat pagri tying on site
1260,Expanded tying intent,baraat pagri tying onsite
1261,Expanded tying intent,baraat pagri tying mobile service
1262,Expanded tying intent,baraat pagri tying doorstep service
1263,Expanded tying intent,baraat pagri tying on location
1264,Expanded tying intent,baraat turban tying service provider
1265,Expanded tying intent,baraat turban tying artist
1266,Expanded tying intent,baraat turban tying artist booking
1267,Expanded tying intent,baraat turban tying professional
1268,Expanded tying intent,baraat turban tying specialist
1269,Expanded tying intent,baraat turban tying booking
1270,Expanded tying intent,baraat turban tying hire
1271,Expanded tying intent,baraat turban tying appointment
1272,Expanded tying intent,baraat turban tying at home
1273,Expanded tying intent,baraat turban tying at venue
1274,Expanded tying intent,baraat turban tying for wedding
1275,Expanded tying intent,baraat turban tying for groom
1276,Expanded tying intent,baraat turban tying for guests
1277,Expanded tying intent,baraat turban tying for family
1278,Expanded tying intent,baraat turban tying for baraat
1279,Expanded tying intent,baraat turban tying for barati
1280,Expanded tying intent,baraat turban tying price
1281,Expanded tying intent,baraat turban tying cost
1282,Expanded tying intent,baraat turban tying charges
1283,Expanded tying intent,baraat turban tying package
1284,Expanded tying intent,baraat turban tying team
1285,Expanded tying intent,baraat turban tying group
1286,Expanded tying intent,baraat turban tying on site
1287,Expanded tying intent,baraat turban tying onsite
1288,Expanded tying intent,baraat turban tying mobile service
1289,Expanded tying intent,baraat turban tying doorstep service
1290,Expanded tying intent,baraat turban tying on location
